date,product,h,y,yhat,model
2025-02-24,Americano,1,3.0,1.0,naive1
2025-02-25,Americano,2,5.0,1.0,naive1
2025-02-26,Americano,3,5.0,1.0,naive1
2025-02-27,Americano,4,5.0,1.0,naive1
2025-02-28,Americano,5,7.0,1.0,naive1
2025-03-01,Americano,6,4.0,1.0,naive1
2025-03-02,Americano,7,2.0,1.0,naive1
2025-02-24,Americano with Milk,1,7.0,3.0,naive1
2025-02-25,Americano with Milk,2,2.0,3.0,naive1
2025-02-26,Americano with Milk,3,3.0,3.0,naive1
2025-02-27,Americano with Milk,4,1.0,3.0,naive1
2025-02-28,Americano with Milk,5,4.0,3.0,naive1
2025-03-01,Americano with Milk,6,1.0,3.0,naive1
2025-03-02,Americano with Milk,7,2.0,3.0,naive1
2025-02-24,Cappuccino,1,1.0,1.0,naive1
2025-02-25,Cappuccino,2,3.0,1.0,naive1
2025-02-26,Cappuccino,3,1.0,1.0,naive1
2025-02-27,Cappuccino,4,4.0,1.0,naive1
2025-02-28,Cappuccino,5,1.0,1.0,naive1
2025-03-01,Cappuccino,6,2.0,1.0,naive1
2025-03-02,Cappuccino,7,0.0,1.0,naive1
2025-02-24,Cocoa,1,5.0,1.0,naive1
2025-02-25,Cocoa,2,1.0,1.0,naive1
2025-02-26,Cocoa,3,1.0,1.0,naive1
2025-02-27,Cocoa,4,4.0,1.0,naive1
2025-02-28,Cocoa,5,1.0,1.0,naive1
2025-03-01,Cocoa,6,0.0,1.0,naive1
2025-03-02,Cocoa,7,1.0,1.0,naive1
2025-02-24,Cortado,1,0.0,0.0,naive1
2025-02-25,Cortado,2,0.0,0.0,naive1
2025-02-26,Cortado,3,1.0,0.0,naive1
2025-02-27,Cortado,4,0.0,0.0,naive1
2025-02-28,Cortado,5,0.0,0.0,naive1
2025-03-01,Cortado,6,0.0,0.0,naive1
2025-03-02,Cortado,7,0.0,0.0,naive1
2025-02-24,Espresso,1,0.0,0.0,naive1
2025-02-25,Espresso,2,1.0,0.0,naive1
2025-02-26,Espresso,3,0.0,0.0,naive1
2025-02-27,Espresso,4,1.0,0.0,naive1
2025-02-28,Espresso,5,1.0,0.0,naive1
2025-03-01,Espresso,6,0.0,0.0,naive1
2025-03-02,Espresso,7,0.0,0.0,naive1
2025-02-24,Hot Chocolate,1,1.0,0.0,naive1
2025-02-25,Hot Chocolate,2,0.0,0.0,naive1
2025-02-26,Hot Chocolate,3,3.0,0.0,naive1
2025-02-27,Hot Chocolate,4,0.0,0.0,naive1
2025-02-28,Hot Chocolate,5,0.0,0.0,naive1
2025-03-01,Hot Chocolate,6,0.0,0.0,naive1
2025-03-02,Hot Chocolate,7,0.0,0.0,naive1
2025-02-24,Latte,1,5.0,0.0,naive1
2025-02-25,Latte,2,0.0,0.0,naive1
2025-02-26,Latte,3,4.0,0.0,naive1
2025-02-27,Latte,4,4.0,0.0,naive1
2025-02-28,Latte,5,3.0,0.0,naive1
2025-03-01,Latte,6,1.0,0.0,naive1
2025-03-02,Latte,7,1.0,0.0,naive1
2025-02-24,Americano,1,3.0,7.0,snaive7
2025-02-25,Americano,2,5.0,5.0,snaive7
2025-02-26,Americano,3,5.0,6.0,snaive7
2025-02-27,Americano,4,5.0,8.0,snaive7
2025-02-28,Americano,5,7.0,11.0,snaive7
2025-03-01,Americano,6,4.0,2.0,snaive7
2025-03-02,Americano,7,2.0,1.0,snaive7
2025-02-24,Americano with Milk,1,7.0,5.0,snaive7
2025-02-25,Americano with Milk,2,2.0,5.0,snaive7
2025-02-26,Americano with Milk,3,3.0,2.0,snaive7
2025-02-27,Americano with Milk,4,1.0,1.0,snaive7
2025-02-28,Americano with Milk,5,4.0,1.0,snaive7
2025-03-01,Americano with Milk,6,1.0,1.0,snaive7
2025-03-02,Americano with Milk,7,2.0,3.0,snaive7
2025-02-24,Cappuccino,1,1.0,2.0,snaive7
2025-02-25,Cappuccino,2,3.0,0.0,snaive7
2025-02-26,Cappuccino,3,1.0,5.0,snaive7
2025-02-27,Cappuccino,4,4.0,4.0,snaive7
2025-02-28,Cappuccino,5,1.0,3.0,snaive7
2025-03-01,Cappuccino,6,2.0,0.0,snaive7
2025-03-02,Cappuccino,7,0.0,1.0,snaive7
2025-02-24,Cocoa,1,5.0,0.0,snaive7
2025-02-25,Cocoa,2,1.0,5.0,snaive7
2025-02-26,Cocoa,3,1.0,3.0,snaive7
2025-02-27,Cocoa,4,4.0,1.0,snaive7
2025-02-28,Cocoa,5,1.0,3.0,snaive7
2025-03-01,Cocoa,6,0.0,0.0,snaive7
2025-03-02,Cocoa,7,1.0,1.0,snaive7
2025-02-24,Cortado,1,0.0,0.0,snaive7
2025-02-25,Cortado,2,0.0,0.0,snaive7
2025-02-26,Cortado,3,1.0,0.0,snaive7
2025-02-27,Cortado,4,0.0,0.0,snaive7
2025-02-28,Cortado,5,0.0,0.0,snaive7
2025-03-01,Cortado,6,0.0,0.0,snaive7
2025-03-02,Cortado,7,0.0,0.0,snaive7
2025-02-24,Espresso,1,0.0,2.0,snaive7
2025-02-25,Espresso,2,1.0,1.0,snaive7
2025-02-26,Espresso,3,0.0,0.0,snaive7
2025-02-27,Espresso,4,1.0,1.0,snaive7
2025-02-28,Espresso,5,1.0,1.0,snaive7
2025-03-01,Espresso,6,0.0,1.0,snaive7
2025-03-02,Espresso,7,0.0,0.0,snaive7
2025-02-24,Hot Chocolate,1,1.0,1.0,snaive7
2025-02-25,Hot Chocolate,2,0.0,2.0,snaive7
2025-02-26,Hot Chocolate,3,3.0,2.0,snaive7
2025-02-27,Hot Chocolate,4,0.0,2.0,snaive7
2025-02-28,Hot Chocolate,5,0.0,1.0,snaive7
2025-03-01,Hot Chocolate,6,0.0,1.0,snaive7
2025-03-02,Hot Chocolate,7,0.0,0.0,snaive7
2025-02-24,Latte,1,5.0,3.0,snaive7
2025-02-25,Latte,2,0.0,0.0,snaive7
2025-02-26,Latte,3,4.0,2.0,snaive7
2025-02-27,Latte,4,4.0,2.0,snaive7
2025-02-28,Latte,5,3.0,3.0,snaive7
2025-03-01,Latte,6,1.0,0.0,snaive7
2025-03-02,Latte,7,1.0,0.0,snaive7
2025-02-24,Americano,1,3.0,5.714285714285714,ma7
2025-02-25,Americano,2,5.0,5.714285714285714,ma7
2025-02-26,Americano,3,5.0,5.714285714285714,ma7
2025-02-27,Americano,4,5.0,5.714285714285714,ma7
2025-02-28,Americano,5,7.0,5.714285714285714,ma7
2025-03-01,Americano,6,4.0,5.714285714285714,ma7
2025-03-02,Americano,7,2.0,5.714285714285714,ma7
2025-02-24,Americano with Milk,1,7.0,2.5714285714285716,ma7
2025-02-25,Americano with Milk,2,2.0,2.5714285714285716,ma7
2025-02-26,Americano with Milk,3,3.0,2.5714285714285716,ma7
2025-02-27,Americano with Milk,4,1.0,2.5714285714285716,ma7
2025-02-28,Americano with Milk,5,4.0,2.5714285714285716,ma7
2025-03-01,Americano with Milk,6,1.0,2.5714285714285716,ma7
2025-03-02,Americano with Milk,7,2.0,2.5714285714285716,ma7
2025-02-24,Cappuccino,1,1.0,2.142857142857143,ma7
2025-02-25,Cappuccino,2,3.0,2.142857142857143,ma7
2025-02-26,Cappuccino,3,1.0,2.142857142857143,ma7
2025-02-27,Cappuccino,4,4.0,2.142857142857143,ma7
2025-02-28,Cappuccino,5,1.0,2.142857142857143,ma7
2025-03-01,Cappuccino,6,2.0,2.142857142857143,ma7
2025-03-02,Cappuccino,7,0.0,2.142857142857143,ma7
2025-02-24,Cocoa,1,5.0,1.8571428571428572,ma7
2025-02-25,Cocoa,2,1.0,1.8571428571428572,ma7
2025-02-26,Cocoa,3,1.0,1.8571428571428572,ma7
2025-02-27,Cocoa,4,4.0,1.8571428571428572,ma7
2025-02-28,Cocoa,5,1.0,1.8571428571428572,ma7
2025-03-01,Cocoa,6,0.0,1.8571428571428572,ma7
2025-03-02,Cocoa,7,1.0,1.8571428571428572,ma7
2025-02-24,Cortado,1,0.0,0.0,ma7
2025-02-25,Cortado,2,0.0,0.0,ma7
2025-02-26,Cortado,3,1.0,0.0,ma7
2025-02-27,Cortado,4,0.0,0.0,ma7
2025-02-28,Cortado,5,0.0,0.0,ma7
2025-03-01,Cortado,6,0.0,0.0,ma7
2025-03-02,Cortado,7,0.0,0.0,ma7
2025-02-24,Espresso,1,0.0,0.8571428571428571,ma7
2025-02-25,Espresso,2,1.0,0.8571428571428571,ma7
2025-02-26,Espresso,3,0.0,0.8571428571428571,ma7
2025-02-27,Espresso,4,1.0,0.8571428571428571,ma7
2025-02-28,Espresso,5,1.0,0.8571428571428571,ma7
2025-03-01,Espresso,6,0.0,0.8571428571428571,ma7
2025-03-02,Espresso,7,0.0,0.8571428571428571,ma7
2025-02-24,Hot Chocolate,1,1.0,1.2857142857142858,ma7
2025-02-25,Hot Chocolate,2,0.0,1.2857142857142858,ma7
2025-02-26,Hot Chocolate,3,3.0,1.2857142857142858,ma7
2025-02-27,Hot Chocolate,4,0.0,1.2857142857142858,ma7
2025-02-28,Hot Chocolate,5,0.0,1.2857142857142858,ma7
2025-03-01,Hot Chocolate,6,0.0,1.2857142857142858,ma7
2025-03-02,Hot Chocolate,7,0.0,1.2857142857142858,ma7
2025-02-24,Latte,1,5.0,1.4285714285714286,ma7
2025-02-25,Latte,2,0.0,1.4285714285714286,ma7
2025-02-26,Latte,3,4.0,1.4285714285714286,ma7
2025-02-27,Latte,4,4.0,1.4285714285714286,ma7
2025-02-28,Latte,5,3.0,1.4285714285714286,ma7
2025-03-01,Latte,6,1.0,1.4285714285714286,ma7
2025-03-02,Latte,7,1.0,1.4285714285714286,ma7
2025-03-03,Americano,1,4.0,2.0,naive1
2025-03-04,Americano,2,9.0,2.0,naive1
2025-03-05,Americano,3,6.0,2.0,naive1
2025-03-06,Americano,4,3.0,2.0,naive1
2025-03-07,Americano,5,4.0,2.0,naive1
2025-03-08,Americano,6,4.0,2.0,naive1
2025-03-09,Americano,7,2.0,2.0,naive1
2025-03-03,Americano with Milk,1,2.0,2.0,naive1
2025-03-04,Americano with Milk,2,2.0,2.0,naive1
2025-03-05,Americano with Milk,3,3.0,2.0,naive1
2025-03-06,Americano with Milk,4,3.0,2.0,naive1
2025-03-07,Americano with Milk,5,3.0,2.0,naive1
2025-03-08,Americano with Milk,6,3.0,2.0,naive1
2025-03-09,Americano with Milk,7,2.0,2.0,naive1
2025-03-03,Cappuccino,1,4.0,0.0,naive1
2025-03-04,Cappuccino,2,1.0,0.0,naive1
2025-03-05,Cappuccino,3,3.0,0.0,naive1
2025-03-06,Cappuccino,4,2.0,0.0,naive1
2025-03-07,Cappuccino,5,2.0,0.0,naive1
2025-03-08,Cappuccino,6,1.0,0.0,naive1
2025-03-09,Cappuccino,7,2.0,0.0,naive1
2025-03-03,Cocoa,1,2.0,1.0,naive1
2025-03-04,Cocoa,2,2.0,1.0,naive1
2025-03-05,Cocoa,3,2.0,1.0,naive1
2025-03-06,Cocoa,4,1.0,1.0,naive1
2025-03-07,Cocoa,5,2.0,1.0,naive1
2025-03-08,Cocoa,6,0.0,1.0,naive1
2025-03-09,Cocoa,7,1.0,1.0,naive1
2025-03-03,Cortado,1,0.0,0.0,naive1
2025-03-04,Cortado,2,0.0,0.0,naive1
2025-03-05,Cortado,3,0.0,0.0,naive1
2025-03-06,Cortado,4,0.0,0.0,naive1
2025-03-07,Cortado,5,0.0,0.0,naive1
2025-03-08,Cortado,6,0.0,0.0,naive1
2025-03-09,Cortado,7,0.0,0.0,naive1
2025-03-03,Espresso,1,0.0,0.0,naive1
2025-03-04,Espresso,2,0.0,0.0,naive1
2025-03-05,Espresso,3,1.0,0.0,naive1
2025-03-06,Espresso,4,1.0,0.0,naive1
2025-03-07,Espresso,5,0.0,0.0,naive1
2025-03-08,Espresso,6,0.0,0.0,naive1
2025-03-09,Espresso,7,1.0,0.0,naive1
2025-03-03,Hot Chocolate,1,5.0,0.0,naive1
2025-03-04,Hot Chocolate,2,0.0,0.0,naive1
2025-03-05,Hot Chocolate,3,1.0,0.0,naive1
2025-03-06,Hot Chocolate,4,1.0,0.0,naive1
2025-03-07,Hot Chocolate,5,3.0,0.0,naive1
2025-03-08,Hot Chocolate,6,0.0,0.0,naive1
2025-03-09,Hot Chocolate,7,0.0,0.0,naive1
2025-03-03,Latte,1,5.0,1.0,naive1
2025-03-04,Latte,2,2.0,1.0,naive1
2025-03-05,Latte,3,3.0,1.0,naive1
2025-03-06,Latte,4,1.0,1.0,naive1
2025-03-07,Latte,5,3.0,1.0,naive1
2025-03-08,Latte,6,0.0,1.0,naive1
2025-03-09,Latte,7,0.0,1.0,naive1
2025-03-03,Americano,1,4.0,3.0,snaive7
2025-03-04,Americano,2,9.0,5.0,snaive7
2025-03-05,Americano,3,6.0,5.0,snaive7
2025-03-06,Americano,4,3.0,5.0,snaive7
2025-03-07,Americano,5,4.0,7.0,snaive7
2025-03-08,Americano,6,4.0,4.0,snaive7
2025-03-09,Americano,7,2.0,2.0,snaive7
2025-03-03,Americano with Milk,1,2.0,7.0,snaive7
2025-03-04,Americano with Milk,2,2.0,2.0,snaive7
2025-03-05,Americano with Milk,3,3.0,3.0,snaive7
2025-03-06,Americano with Milk,4,3.0,1.0,snaive7
2025-03-07,Americano with Milk,5,3.0,4.0,snaive7
2025-03-08,Americano with Milk,6,3.0,1.0,snaive7
2025-03-09,Americano with Milk,7,2.0,2.0,snaive7
2025-03-03,Cappuccino,1,4.0,1.0,snaive7
2025-03-04,Cappuccino,2,1.0,3.0,snaive7
2025-03-05,Cappuccino,3,3.0,1.0,snaive7
2025-03-06,Cappuccino,4,2.0,4.0,snaive7
2025-03-07,Cappuccino,5,2.0,1.0,snaive7
2025-03-08,Cappuccino,6,1.0,2.0,snaive7
2025-03-09,Cappuccino,7,2.0,0.0,snaive7
2025-03-03,Cocoa,1,2.0,5.0,snaive7
2025-03-04,Cocoa,2,2.0,1.0,snaive7
2025-03-05,Cocoa,3,2.0,1.0,snaive7
2025-03-06,Cocoa,4,1.0,4.0,snaive7
2025-03-07,Cocoa,5,2.0,1.0,snaive7
2025-03-08,Cocoa,6,0.0,0.0,snaive7
2025-03-09,Cocoa,7,1.0,1.0,snaive7
2025-03-03,Cortado,1,0.0,0.0,snaive7
2025-03-04,Cortado,2,0.0,0.0,snaive7
2025-03-05,Cortado,3,0.0,1.0,snaive7
2025-03-06,Cortado,4,0.0,0.0,snaive7
2025-03-07,Cortado,5,0.0,0.0,snaive7
2025-03-08,Cortado,6,0.0,0.0,snaive7
2025-03-09,Cortado,7,0.0,0.0,snaive7
2025-03-03,Espresso,1,0.0,0.0,snaive7
2025-03-04,Espresso,2,0.0,1.0,snaive7
2025-03-05,Espresso,3,1.0,0.0,snaive7
2025-03-06,Espresso,4,1.0,1.0,snaive7
2025-03-07,Espresso,5,0.0,1.0,snaive7
2025-03-08,Espresso,6,0.0,0.0,snaive7
2025-03-09,Espresso,7,1.0,0.0,snaive7
2025-03-03,Hot Chocolate,1,5.0,1.0,snaive7
2025-03-04,Hot Chocolate,2,0.0,0.0,snaive7
2025-03-05,Hot Chocolate,3,1.0,3.0,snaive7
2025-03-06,Hot Chocolate,4,1.0,0.0,snaive7
2025-03-07,Hot Chocolate,5,3.0,0.0,snaive7
2025-03-08,Hot Chocolate,6,0.0,0.0,snaive7
2025-03-09,Hot Chocolate,7,0.0,0.0,snaive7
2025-03-03,Latte,1,5.0,5.0,snaive7
2025-03-04,Latte,2,2.0,0.0,snaive7
2025-03-05,Latte,3,3.0,4.0,snaive7
2025-03-06,Latte,4,1.0,4.0,snaive7
2025-03-07,Latte,5,3.0,3.0,snaive7
2025-03-08,Latte,6,0.0,1.0,snaive7
2025-03-09,Latte,7,0.0,1.0,snaive7
2025-03-03,Americano,1,4.0,4.428571428571429,ma7
2025-03-04,Americano,2,9.0,4.428571428571429,ma7
2025-03-05,Americano,3,6.0,4.428571428571429,ma7
2025-03-06,Americano,4,3.0,4.428571428571429,ma7
2025-03-07,Americano,5,4.0,4.428571428571429,ma7
2025-03-08,Americano,6,4.0,4.428571428571429,ma7
2025-03-09,Americano,7,2.0,4.428571428571429,ma7
2025-03-03,Americano with Milk,1,2.0,2.857142857142857,ma7
2025-03-04,Americano with Milk,2,2.0,2.857142857142857,ma7
2025-03-05,Americano with Milk,3,3.0,2.857142857142857,ma7
2025-03-06,Americano with Milk,4,3.0,2.857142857142857,ma7
2025-03-07,Americano with Milk,5,3.0,2.857142857142857,ma7
2025-03-08,Americano with Milk,6,3.0,2.857142857142857,ma7
2025-03-09,Americano with Milk,7,2.0,2.857142857142857,ma7
2025-03-03,Cappuccino,1,4.0,1.7142857142857142,ma7
2025-03-04,Cappuccino,2,1.0,1.7142857142857142,ma7
2025-03-05,Cappuccino,3,3.0,1.7142857142857142,ma7
2025-03-06,Cappuccino,4,2.0,1.7142857142857142,ma7
2025-03-07,Cappuccino,5,2.0,1.7142857142857142,ma7
2025-03-08,Cappuccino,6,1.0,1.7142857142857142,ma7
2025-03-09,Cappuccino,7,2.0,1.7142857142857142,ma7
2025-03-03,Cocoa,1,2.0,1.8571428571428572,ma7
2025-03-04,Cocoa,2,2.0,1.8571428571428572,ma7
2025-03-05,Cocoa,3,2.0,1.8571428571428572,ma7
2025-03-06,Cocoa,4,1.0,1.8571428571428572,ma7
2025-03-07,Cocoa,5,2.0,1.8571428571428572,ma7
2025-03-08,Cocoa,6,0.0,1.8571428571428572,ma7
2025-03-09,Cocoa,7,1.0,1.8571428571428572,ma7
2025-03-03,Cortado,1,0.0,0.14285714285714285,ma7
2025-03-04,Cortado,2,0.0,0.14285714285714285,ma7
2025-03-05,Cortado,3,0.0,0.14285714285714285,ma7
2025-03-06,Cortado,4,0.0,0.14285714285714285,ma7
2025-03-07,Cortado,5,0.0,0.14285714285714285,ma7
2025-03-08,Cortado,6,0.0,0.14285714285714285,ma7
2025-03-09,Cortado,7,0.0,0.14285714285714285,ma7
2025-03-03,Espresso,1,0.0,0.42857142857142855,ma7
2025-03-04,Espresso,2,0.0,0.42857142857142855,ma7
2025-03-05,Espresso,3,1.0,0.42857142857142855,ma7
2025-03-06,Espresso,4,1.0,0.42857142857142855,ma7
2025-03-07,Espresso,5,0.0,0.42857142857142855,ma7
2025-03-08,Espresso,6,0.0,0.42857142857142855,ma7
2025-03-09,Espresso,7,1.0,0.42857142857142855,ma7
2025-03-03,Hot Chocolate,1,5.0,0.5714285714285714,ma7
2025-03-04,Hot Chocolate,2,0.0,0.5714285714285714,ma7
2025-03-05,Hot Chocolate,3,1.0,0.5714285714285714,ma7
2025-03-06,Hot Chocolate,4,1.0,0.5714285714285714,ma7
2025-03-07,Hot Chocolate,5,3.0,0.5714285714285714,ma7
2025-03-08,Hot Chocolate,6,0.0,0.5714285714285714,ma7
2025-03-09,Hot Chocolate,7,0.0,0.5714285714285714,ma7
2025-03-03,Latte,1,5.0,2.5714285714285716,ma7
2025-03-04,Latte,2,2.0,2.5714285714285716,ma7
2025-03-05,Latte,3,3.0,2.5714285714285716,ma7
2025-03-06,Latte,4,1.0,2.5714285714285716,ma7
2025-03-07,Latte,5,3.0,2.5714285714285716,ma7
2025-03-08,Latte,6,0.0,2.5714285714285716,ma7
2025-03-09,Latte,7,0.0,2.5714285714285716,ma7
2025-03-10,Americano,1,4.0,2.0,naive1
2025-03-11,Americano,2,4.0,2.0,naive1
2025-03-12,Americano,3,6.0,2.0,naive1
2025-03-13,Americano,4,3.0,2.0,naive1
2025-03-14,Americano,5,10.0,2.0,naive1
2025-03-15,Americano,6,1.0,2.0,naive1
2025-03-16,Americano,7,1.0,2.0,naive1
2025-03-10,Americano with Milk,1,3.0,2.0,naive1
2025-03-11,Americano with Milk,2,1.0,2.0,naive1
2025-03-12,Americano with Milk,3,1.0,2.0,naive1
2025-03-13,Americano with Milk,4,4.0,2.0,naive1
2025-03-14,Americano with Milk,5,1.0,2.0,naive1
2025-03-15,Americano with Milk,6,3.0,2.0,naive1
2025-03-16,Americano with Milk,7,1.0,2.0,naive1
2025-03-10,Cappuccino,1,1.0,2.0,naive1
2025-03-11,Cappuccino,2,2.0,2.0,naive1
2025-03-12,Cappuccino,3,3.0,2.0,naive1
2025-03-13,Cappuccino,4,2.0,2.0,naive1
2025-03-14,Cappuccino,5,1.0,2.0,naive1
2025-03-15,Cappuccino,6,3.0,2.0,naive1
2025-03-16,Cappuccino,7,1.0,2.0,naive1
2025-03-10,Cocoa,1,1.0,1.0,naive1
2025-03-11,Cocoa,2,2.0,1.0,naive1
2025-03-12,Cocoa,3,2.0,1.0,naive1
2025-03-13,Cocoa,4,0.0,1.0,naive1
2025-03-14,Cocoa,5,3.0,1.0,naive1
2025-03-15,Cocoa,6,0.0,1.0,naive1
2025-03-16,Cocoa,7,0.0,1.0,naive1
2025-03-10,Cortado,1,0.0,0.0,naive1
2025-03-11,Cortado,2,0.0,0.0,naive1
2025-03-12,Cortado,3,0.0,0.0,naive1
2025-03-13,Cortado,4,0.0,0.0,naive1
2025-03-14,Cortado,5,0.0,0.0,naive1
2025-03-15,Cortado,6,0.0,0.0,naive1
2025-03-16,Cortado,7,0.0,0.0,naive1
2025-03-10,Espresso,1,0.0,1.0,naive1
2025-03-11,Espresso,2,0.0,1.0,naive1
2025-03-12,Espresso,3,0.0,1.0,naive1
2025-03-13,Espresso,4,1.0,1.0,naive1
2025-03-14,Espresso,5,1.0,1.0,naive1
2025-03-15,Espresso,6,0.0,1.0,naive1
2025-03-16,Espresso,7,0.0,1.0,naive1
2025-03-10,Hot Chocolate,1,3.0,0.0,naive1
2025-03-11,Hot Chocolate,2,2.0,0.0,naive1
2025-03-12,Hot Chocolate,3,1.0,0.0,naive1
2025-03-13,Hot Chocolate,4,0.0,0.0,naive1
2025-03-14,Hot Chocolate,5,0.0,0.0,naive1
2025-03-15,Hot Chocolate,6,0.0,0.0,naive1
2025-03-16,Hot Chocolate,7,1.0,0.0,naive1
2025-03-10,Latte,1,5.0,0.0,naive1
2025-03-11,Latte,2,2.0,0.0,naive1
2025-03-12,Latte,3,4.0,0.0,naive1
2025-03-13,Latte,4,2.0,0.0,naive1
2025-03-14,Latte,5,7.0,0.0,naive1
2025-03-15,Latte,6,0.0,0.0,naive1
2025-03-16,Latte,7,1.0,0.0,naive1
2025-03-10,Americano,1,4.0,4.0,snaive7
2025-03-11,Americano,2,4.0,9.0,snaive7
2025-03-12,Americano,3,6.0,6.0,snaive7
2025-03-13,Americano,4,3.0,3.0,snaive7
2025-03-14,Americano,5,10.0,4.0,snaive7
2025-03-15,Americano,6,1.0,4.0,snaive7
2025-03-16,Americano,7,1.0,2.0,snaive7
2025-03-10,Americano with Milk,1,3.0,2.0,snaive7
2025-03-11,Americano with Milk,2,1.0,2.0,snaive7
2025-03-12,Americano with Milk,3,1.0,3.0,snaive7
2025-03-13,Americano with Milk,4,4.0,3.0,snaive7
2025-03-14,Americano with Milk,5,1.0,3.0,snaive7
2025-03-15,Americano with Milk,6,3.0,3.0,snaive7
2025-03-16,Americano with Milk,7,1.0,2.0,snaive7
2025-03-10,Cappuccino,1,1.0,4.0,snaive7
2025-03-11,Cappuccino,2,2.0,1.0,snaive7
2025-03-12,Cappuccino,3,3.0,3.0,snaive7
2025-03-13,Cappuccino,4,2.0,2.0,snaive7
2025-03-14,Cappuccino,5,1.0,2.0,snaive7
2025-03-15,Cappuccino,6,3.0,1.0,snaive7
2025-03-16,Cappuccino,7,1.0,2.0,snaive7
2025-03-10,Cocoa,1,1.0,2.0,snaive7
2025-03-11,Cocoa,2,2.0,2.0,snaive7
2025-03-12,Cocoa,3,2.0,2.0,snaive7
2025-03-13,Cocoa,4,0.0,1.0,snaive7
2025-03-14,Cocoa,5,3.0,2.0,snaive7
2025-03-15,Cocoa,6,0.0,0.0,snaive7
2025-03-16,Cocoa,7,0.0,1.0,snaive7
2025-03-10,Cortado,1,0.0,0.0,snaive7
2025-03-11,Cortado,2,0.0,0.0,snaive7
2025-03-12,Cortado,3,0.0,0.0,snaive7
2025-03-13,Cortado,4,0.0,0.0,snaive7
2025-03-14,Cortado,5,0.0,0.0,snaive7
2025-03-15,Cortado,6,0.0,0.0,snaive7
2025-03-16,Cortado,7,0.0,0.0,snaive7
2025-03-10,Espresso,1,0.0,0.0,snaive7
2025-03-11,Espresso,2,0.0,0.0,snaive7
2025-03-12,Espresso,3,0.0,1.0,snaive7
2025-03-13,Espresso,4,1.0,1.0,snaive7
2025-03-14,Espresso,5,1.0,0.0,snaive7
2025-03-15,Espresso,6,0.0,0.0,snaive7
2025-03-16,Espresso,7,0.0,1.0,snaive7
2025-03-10,Hot Chocolate,1,3.0,5.0,snaive7
2025-03-11,Hot Chocolate,2,2.0,0.0,snaive7
2025-03-12,Hot Chocolate,3,1.0,1.0,snaive7
2025-03-13,Hot Chocolate,4,0.0,1.0,snaive7
2025-03-14,Hot Chocolate,5,0.0,3.0,snaive7
2025-03-15,Hot Chocolate,6,0.0,0.0,snaive7
2025-03-16,Hot Chocolate,7,1.0,0.0,snaive7
2025-03-10,Latte,1,5.0,5.0,snaive7
2025-03-11,Latte,2,2.0,2.0,snaive7
2025-03-12,Latte,3,4.0,3.0,snaive7
2025-03-13,Latte,4,2.0,1.0,snaive7
2025-03-14,Latte,5,7.0,3.0,snaive7
2025-03-15,Latte,6,0.0,0.0,snaive7
2025-03-16,Latte,7,1.0,0.0,snaive7
2025-03-10,Americano,1,4.0,4.571428571428571,ma7
2025-03-11,Americano,2,4.0,4.571428571428571,ma7
2025-03-12,Americano,3,6.0,4.571428571428571,ma7
2025-03-13,Americano,4,3.0,4.571428571428571,ma7
2025-03-14,Americano,5,10.0,4.571428571428571,ma7
2025-03-15,Americano,6,1.0,4.571428571428571,ma7
2025-03-16,Americano,7,1.0,4.571428571428571,ma7
2025-03-10,Americano with Milk,1,3.0,2.5714285714285716,ma7
2025-03-11,Americano with Milk,2,1.0,2.5714285714285716,ma7
2025-03-12,Americano with Milk,3,1.0,2.5714285714285716,ma7
2025-03-13,Americano with Milk,4,4.0,2.5714285714285716,ma7
2025-03-14,Americano with Milk,5,1.0,2.5714285714285716,ma7
2025-03-15,Americano with Milk,6,3.0,2.5714285714285716,ma7
2025-03-16,Americano with Milk,7,1.0,2.5714285714285716,ma7
2025-03-10,Cappuccino,1,1.0,2.142857142857143,ma7
2025-03-11,Cappuccino,2,2.0,2.142857142857143,ma7
2025-03-12,Cappuccino,3,3.0,2.142857142857143,ma7
2025-03-13,Cappuccino,4,2.0,2.142857142857143,ma7
2025-03-14,Cappuccino,5,1.0,2.142857142857143,ma7
2025-03-15,Cappuccino,6,3.0,2.142857142857143,ma7
2025-03-16,Cappuccino,7,1.0,2.142857142857143,ma7
2025-03-10,Cocoa,1,1.0,1.4285714285714286,ma7
2025-03-11,Cocoa,2,2.0,1.4285714285714286,ma7
2025-03-12,Cocoa,3,2.0,1.4285714285714286,ma7
2025-03-13,Cocoa,4,0.0,1.4285714285714286,ma7
2025-03-14,Cocoa,5,3.0,1.4285714285714286,ma7
2025-03-15,Cocoa,6,0.0,1.4285714285714286,ma7
2025-03-16,Cocoa,7,0.0,1.4285714285714286,ma7
2025-03-10,Cortado,1,0.0,0.0,ma7
2025-03-11,Cortado,2,0.0,0.0,ma7
2025-03-12,Cortado,3,0.0,0.0,ma7
2025-03-13,Cortado,4,0.0,0.0,ma7
2025-03-14,Cortado,5,0.0,0.0,ma7
2025-03-15,Cortado,6,0.0,0.0,ma7
2025-03-16,Cortado,7,0.0,0.0,ma7
2025-03-10,Espresso,1,0.0,0.42857142857142855,ma7
2025-03-11,Espresso,2,0.0,0.42857142857142855,ma7
2025-03-12,Espresso,3,0.0,0.42857142857142855,ma7
2025-03-13,Espresso,4,1.0,0.42857142857142855,ma7
2025-03-14,Espresso,5,1.0,0.42857142857142855,ma7
2025-03-15,Espresso,6,0.0,0.42857142857142855,ma7
2025-03-16,Espresso,7,0.0,0.42857142857142855,ma7
2025-03-10,Hot Chocolate,1,3.0,1.4285714285714286,ma7
2025-03-11,Hot Chocolate,2,2.0,1.4285714285714286,ma7
2025-03-12,Hot Chocolate,3,1.0,1.4285714285714286,ma7
2025-03-13,Hot Chocolate,4,0.0,1.4285714285714286,ma7
2025-03-14,Hot Chocolate,5,0.0,1.4285714285714286,ma7
2025-03-15,Hot Chocolate,6,0.0,1.4285714285714286,ma7
2025-03-16,Hot Chocolate,7,1.0,1.4285714285714286,ma7
2025-03-10,Latte,1,5.0,2.0,ma7
2025-03-11,Latte,2,2.0,2.0,ma7
2025-03-12,Latte,3,4.0,2.0,ma7
2025-03-13,Latte,4,2.0,2.0,ma7
2025-03-14,Latte,5,7.0,2.0,ma7
2025-03-15,Latte,6,0.0,2.0,ma7
2025-03-16,Latte,7,1.0,2.0,ma7
2025-03-17,Americano,1,6.0,1.0,naive1
2025-03-18,Americano,2,3.0,1.0,naive1
2025-03-19,Americano,3,8.0,1.0,naive1
2025-03-20,Americano,4,8.0,1.0,naive1
2025-03-21,Americano,5,7.0,1.0,naive1
2025-03-22,Americano,6,2.0,1.0,naive1
2025-03-23,Americano,7,1.0,1.0,naive1
2025-03-17,Americano with Milk,1,1.0,1.0,naive1
2025-03-18,Americano with Milk,2,3.0,1.0,naive1
2025-03-19,Americano with Milk,3,2.0,1.0,naive1
2025-03-20,Americano with Milk,4,3.0,1.0,naive1
2025-03-21,Americano with Milk,5,2.0,1.0,naive1
2025-03-22,Americano with Milk,6,6.0,1.0,naive1
2025-03-23,Americano with Milk,7,0.0,1.0,naive1
2025-03-17,Cappuccino,1,1.0,1.0,naive1
2025-03-18,Cappuccino,2,0.0,1.0,naive1
2025-03-19,Cappuccino,3,3.0,1.0,naive1
2025-03-20,Cappuccino,4,4.0,1.0,naive1
2025-03-21,Cappuccino,5,4.0,1.0,naive1
2025-03-22,Cappuccino,6,0.0,1.0,naive1
2025-03-23,Cappuccino,7,1.0,1.0,naive1
2025-03-17,Cocoa,1,2.0,0.0,naive1
2025-03-18,Cocoa,2,4.0,0.0,naive1
2025-03-19,Cocoa,3,1.0,0.0,naive1
2025-03-20,Cocoa,4,1.0,0.0,naive1
2025-03-21,Cocoa,5,0.0,0.0,naive1
2025-03-22,Cocoa,6,1.0,0.0,naive1
2025-03-23,Cocoa,7,2.0,0.0,naive1
2025-03-17,Cortado,1,0.0,0.0,naive1
2025-03-18,Cortado,2,0.0,0.0,naive1
2025-03-19,Cortado,3,1.0,0.0,naive1
2025-03-20,Cortado,4,1.0,0.0,naive1
2025-03-21,Cortado,5,0.0,0.0,naive1
2025-03-22,Cortado,6,0.0,0.0,naive1
2025-03-23,Cortado,7,0.0,0.0,naive1
2025-03-17,Espresso,1,0.0,0.0,naive1
2025-03-18,Espresso,2,1.0,0.0,naive1
2025-03-19,Espresso,3,2.0,0.0,naive1
2025-03-20,Espresso,4,1.0,0.0,naive1
2025-03-21,Espresso,5,0.0,0.0,naive1
2025-03-22,Espresso,6,1.0,0.0,naive1
2025-03-23,Espresso,7,0.0,0.0,naive1
2025-03-17,Hot Chocolate,1,0.0,1.0,naive1
2025-03-18,Hot Chocolate,2,2.0,1.0,naive1
2025-03-19,Hot Chocolate,3,1.0,1.0,naive1
2025-03-20,Hot Chocolate,4,1.0,1.0,naive1
2025-03-21,Hot Chocolate,5,1.0,1.0,naive1
2025-03-22,Hot Chocolate,6,1.0,1.0,naive1
2025-03-23,Hot Chocolate,7,0.0,1.0,naive1
2025-03-17,Latte,1,3.0,1.0,naive1
2025-03-18,Latte,2,4.0,1.0,naive1
2025-03-19,Latte,3,3.0,1.0,naive1
2025-03-20,Latte,4,1.0,1.0,naive1
2025-03-21,Latte,5,6.0,1.0,naive1
2025-03-22,Latte,6,1.0,1.0,naive1
2025-03-23,Latte,7,2.0,1.0,naive1
2025-03-17,Americano,1,6.0,4.0,snaive7
2025-03-18,Americano,2,3.0,4.0,snaive7
2025-03-19,Americano,3,8.0,6.0,snaive7
2025-03-20,Americano,4,8.0,3.0,snaive7
2025-03-21,Americano,5,7.0,10.0,snaive7
2025-03-22,Americano,6,2.0,1.0,snaive7
2025-03-23,Americano,7,1.0,1.0,snaive7
2025-03-17,Americano with Milk,1,1.0,3.0,snaive7
2025-03-18,Americano with Milk,2,3.0,1.0,snaive7
2025-03-19,Americano with Milk,3,2.0,1.0,snaive7
2025-03-20,Americano with Milk,4,3.0,4.0,snaive7
2025-03-21,Americano with Milk,5,2.0,1.0,snaive7
2025-03-22,Americano with Milk,6,6.0,3.0,snaive7
2025-03-23,Americano with Milk,7,0.0,1.0,snaive7
2025-03-17,Cappuccino,1,1.0,1.0,snaive7
2025-03-18,Cappuccino,2,0.0,2.0,snaive7
2025-03-19,Cappuccino,3,3.0,3.0,snaive7
2025-03-20,Cappuccino,4,4.0,2.0,snaive7
2025-03-21,Cappuccino,5,4.0,1.0,snaive7
2025-03-22,Cappuccino,6,0.0,3.0,snaive7
2025-03-23,Cappuccino,7,1.0,1.0,snaive7
2025-03-17,Cocoa,1,2.0,1.0,snaive7
2025-03-18,Cocoa,2,4.0,2.0,snaive7
2025-03-19,Cocoa,3,1.0,2.0,snaive7
2025-03-20,Cocoa,4,1.0,0.0,snaive7
2025-03-21,Cocoa,5,0.0,3.0,snaive7
2025-03-22,Cocoa,6,1.0,0.0,snaive7
2025-03-23,Cocoa,7,2.0,0.0,snaive7
2025-03-17,Cortado,1,0.0,0.0,snaive7
2025-03-18,Cortado,2,0.0,0.0,snaive7
2025-03-19,Cortado,3,1.0,0.0,snaive7
2025-03-20,Cortado,4,1.0,0.0,snaive7
2025-03-21,Cortado,5,0.0,0.0,snaive7
2025-03-22,Cortado,6,0.0,0.0,snaive7
2025-03-23,Cortado,7,0.0,0.0,snaive7
2025-03-17,Espresso,1,0.0,0.0,snaive7
2025-03-18,Espresso,2,1.0,0.0,snaive7
2025-03-19,Espresso,3,2.0,0.0,snaive7
2025-03-20,Espresso,4,1.0,1.0,snaive7
2025-03-21,Espresso,5,0.0,1.0,snaive7
2025-03-22,Espresso,6,1.0,0.0,snaive7
2025-03-23,Espresso,7,0.0,0.0,snaive7
2025-03-17,Hot Chocolate,1,0.0,3.0,snaive7
2025-03-18,Hot Chocolate,2,2.0,2.0,snaive7
2025-03-19,Hot Chocolate,3,1.0,1.0,snaive7
2025-03-20,Hot Chocolate,4,1.0,0.0,snaive7
2025-03-21,Hot Chocolate,5,1.0,0.0,snaive7
2025-03-22,Hot Chocolate,6,1.0,0.0,snaive7
2025-03-23,Hot Chocolate,7,0.0,1.0,snaive7
2025-03-17,Latte,1,3.0,5.0,snaive7
2025-03-18,Latte,2,4.0,2.0,snaive7
2025-03-19,Latte,3,3.0,4.0,snaive7
2025-03-20,Latte,4,1.0,2.0,snaive7
2025-03-21,Latte,5,6.0,7.0,snaive7
2025-03-22,Latte,6,1.0,0.0,snaive7
2025-03-23,Latte,7,2.0,1.0,snaive7
2025-03-17,Americano,1,6.0,4.142857142857143,ma7
2025-03-18,Americano,2,3.0,4.142857142857143,ma7
2025-03-19,Americano,3,8.0,4.142857142857143,ma7
2025-03-20,Americano,4,8.0,4.142857142857143,ma7
2025-03-21,Americano,5,7.0,4.142857142857143,ma7
2025-03-22,Americano,6,2.0,4.142857142857143,ma7
2025-03-23,Americano,7,1.0,4.142857142857143,ma7
2025-03-17,Americano with Milk,1,1.0,2.0,ma7
2025-03-18,Americano with Milk,2,3.0,2.0,ma7
2025-03-19,Americano with Milk,3,2.0,2.0,ma7
2025-03-20,Americano with Milk,4,3.0,2.0,ma7
2025-03-21,Americano with Milk,5,2.0,2.0,ma7
2025-03-22,Americano with Milk,6,6.0,2.0,ma7
2025-03-23,Americano with Milk,7,0.0,2.0,ma7
2025-03-17,Cappuccino,1,1.0,1.8571428571428572,ma7
2025-03-18,Cappuccino,2,0.0,1.8571428571428572,ma7
2025-03-19,Cappuccino,3,3.0,1.8571428571428572,ma7
2025-03-20,Cappuccino,4,4.0,1.8571428571428572,ma7
2025-03-21,Cappuccino,5,4.0,1.8571428571428572,ma7
2025-03-22,Cappuccino,6,0.0,1.8571428571428572,ma7
2025-03-23,Cappuccino,7,1.0,1.8571428571428572,ma7
2025-03-17,Cocoa,1,2.0,1.1428571428571428,ma7
2025-03-18,Cocoa,2,4.0,1.1428571428571428,ma7
2025-03-19,Cocoa,3,1.0,1.1428571428571428,ma7
2025-03-20,Cocoa,4,1.0,1.1428571428571428,ma7
2025-03-21,Cocoa,5,0.0,1.1428571428571428,ma7
2025-03-22,Cocoa,6,1.0,1.1428571428571428,ma7
2025-03-23,Cocoa,7,2.0,1.1428571428571428,ma7
2025-03-17,Cortado,1,0.0,0.0,ma7
2025-03-18,Cortado,2,0.0,0.0,ma7
2025-03-19,Cortado,3,1.0,0.0,ma7
2025-03-20,Cortado,4,1.0,0.0,ma7
2025-03-21,Cortado,5,0.0,0.0,ma7
2025-03-22,Cortado,6,0.0,0.0,ma7
2025-03-23,Cortado,7,0.0,0.0,ma7
2025-03-17,Espresso,1,0.0,0.2857142857142857,ma7
2025-03-18,Espresso,2,1.0,0.2857142857142857,ma7
2025-03-19,Espresso,3,2.0,0.2857142857142857,ma7
2025-03-20,Espresso,4,1.0,0.2857142857142857,ma7
2025-03-21,Espresso,5,0.0,0.2857142857142857,ma7
2025-03-22,Espresso,6,1.0,0.2857142857142857,ma7
2025-03-23,Espresso,7,0.0,0.2857142857142857,ma7
2025-03-17,Hot Chocolate,1,0.0,1.0,ma7
2025-03-18,Hot Chocolate,2,2.0,1.0,ma7
2025-03-19,Hot Chocolate,3,1.0,1.0,ma7
2025-03-20,Hot Chocolate,4,1.0,1.0,ma7
2025-03-21,Hot Chocolate,5,1.0,1.0,ma7
2025-03-22,Hot Chocolate,6,1.0,1.0,ma7
2025-03-23,Hot Chocolate,7,0.0,1.0,ma7
2025-03-17,Latte,1,3.0,3.0,ma7
2025-03-18,Latte,2,4.0,3.0,ma7
2025-03-19,Latte,3,3.0,3.0,ma7
2025-03-20,Latte,4,1.0,3.0,ma7
2025-03-21,Latte,5,6.0,3.0,ma7
2025-03-22,Latte,6,1.0,3.0,ma7
2025-03-23,Latte,7,2.0,3.0,ma7
